Id,Chapter,Part,Hebrew,English
adj-2zr5ys19xwoe,0,Adjective,מְאֹד,might; intensifier
adj-xclviuln5xvr,2,Adjective,קָדוֹשׁ,holy
adj-42hxeifnp0ef,2,Adjective,חָדָשׁ,new
adj-mtpakxbpldz6,2,Adjective,חָכָם,wise
adj-658ytyjsr357,2,Adjective,צַדִּיק,righteous
adj-1jtod02g03dk,6,Adjective,חַטָּא,sinful
adj-z8zq8on6u6wz,7,Adjective,גָּדוֹל,"great, big, large"
adj-hz73fdt8pkhp,7,Adjective,זָקֵן,"old, elder"
adj-1bqho41lm9nq,7,Adjective,חָזָק,"strong, powerful"
adj-wpbhhgk049u3,7,Adjective,חַי,"alive, living (animal)"
adj-3ehjdu5zoces,7,Adjective,טוֹב,"good, beautiful"
adj-bfomaj11kqyi,7,Adjective,יָפֶה,"handsome, beautiful"
adj-vhyasaierfvj,7,Adjective,יָקָר,"precious, valuable, rare"
adj-rvs0cmstzgcw,7,Adjective,יָשָׁר,"straight, just, upright"
adj-ykp280mjjilb,7,Adjective,כָּבֵד,"heavy, severe, important"
adj-glwfepikfwg1,7,Adjective,קָטֹן,"small, insignificant"
adj-0nfungqxllcc,7,Adjective,רַב,"many, much, abundant, mighty"
adj-v1at7t9mumkg,7,Adjective,רַע,"bad, evil, ugly"
adj-sq6v264coo34,7,Adjective,רָעֵה,hungry
adj-brey9w0djcyu,7,Adjective,רָשָׁע,"wicked, criminal"
adj-vtxmin8qgruw,7,Adjective,אַחֵר,"another, other"
adj-q7rd2zr5ys19,10,Adjective,זֶה,this (masc sing)
adj-xwoexclviuln,10,Adjective,זֹאת,this (fem sing)
adj-5xvr42hxeifn,10,Adjective,אֵ֫לֶּה,these
adj-p0efmtpakxbp,11,Adjective,כֹּל,"all, each, every, the whole"
adj-ldz6658ytyjs,11,Adjective,מִכֹּל,most of all
adj-r3571jtod02g,13,Adjective,אֶבְיוֹן,"poor, needy"
adj-03dkz8zq8on6,13,Adjective,עָנִי,"afflicted, humble"
adj-u6wzhz73fdt8,13,Adjective,מָשִׁיחַ,anointed
adj-pkhp1bqho41l,17,Adjective,רָחוֹק,far
adj-m9nqwpbhhgk0,17,Adjective,רַק,thin
adj-49u33ehjdu5z,17,Adjective,מְעַט,"little, few"
adj-ocesbfomaj11,18,Adjective,עָצוּם,"mighty, numerous"
adj-kqyivhyasaie,19,Adjective,קָרוֹב,near
adj-rfvjrvs0cmst,21,Adjective,עָשִׁיר,rich
adj-zgcwykp280mj,21,Adjective,טָהוֹר,"clean, pure"
adj-jilbglwfepik,22,Adjective,זָר,"strange, foreign"
adj-fwg10nfungqx,24,Adjective,אֶחָד,"one (masc), first"
adj-llccv1at7t9m,24,Adjective,אַחַת,"one (fem), first"
adj-umkgsq6v264c,24,Adjective,שֵׁנִי,second
adj-oo34brey9w0d,24,Adjective,שְׁלִישִׁי,third
adj-jcyuvtxmin8q,24,Adjective,רְבִיעִי,fourth
adj-gruwq7rd2zr5,24,Adjective,חֲמִישִׁי,fifth
adj-ys19xwoexclv,24,Adjective,שִׁשִּׁי,sixth
adj-iuln5xvr42hx,24,Adjective,שְׁבִיעִי,seventh
adj-eifnp0efmtpa,24,Adjective,שְׁמִינִי,eighth
adj-kxbpldz6658y,24,Adjective,תְּשִׁיעִי,ninth
adj-tyjsr3571jto,24,Adjective,עֲשִׁירִי,tenth
adj-d02g03dkz8zq,24,Adjective,קַנָּה,jealous
adj-8on6u6wzhz73,27,Adjective,שָׂבֵעַ,"full, satisfied"
adj-fdt8pkhp1bqh,28,Adjective,תָּם,"complete, blameless"
adj-o41lm9nqwpbh,28,Adjective,תָּמִים,"complete, blameless"
adj-hgk049u33ehj,29,Adjective,נָקִיא,innocent
adv-urjyrlu1ppg7,5,Adverb,יוֹמָם,"daily, by day"
adv-q5eobndgyqok,6,Adverb,אַ֫חַר כֵּן,afterward
adv-wuap6a8gis78,6,Adverb,אַחֲרֵי כֵן,afterward
adv-fli2dq4hd6sy,10,Adverb,בַּמַּה־◌ּ,how?
adv-zy1rmrclkvy0,10,Adverb,כַּמַּה־◌ּ,"how many?, how much?"
adv-ubmh6tv9tw6d,10,Adverb,לָ֫מָּה,why?
adv-r1si1hgzmypr,10,Adverb,עַד־מָה,how long?
adv-9szv86m1icai,10,Adverb,עַל־מָה,why?
adv-t4jagxtesftx,10,Adverb,אֵיךְ,how? (interrogative adverb of manner)
adv-2vhnomq6bg1a,10,Adverb,אֵי,where? (interrogative adverb of place)
adv-9knpj0b6viky,10,Adverb,מֵאַ֫יִן,from where?
adv-ilusgp77qw5o,10,Adverb,לְבַד,alone
adv-2n4gygokxl1q,10,Adverb,עַתָּה,now
adv-x1y6ityz5mi3,10,Adverb,גַּם,"also, although"
adv-4qv8e6spposh,10,Adverb,מַדּוּעַ,why?
adv-mr2lkwpql2m7,10,Adverb,עוֹד,"still, yet, again, else"
adv-6tl0tnw3srij,10,Adverb,פֹּה,here
adv-17gzdzfs0sqm,10,Adverb,שָׁם,there
adv-zwc18daiuu9a,11,Adverb,אָז,"then, at that time"
adv-hxk4f26jpi40,13,Adverb,אָן,where?
adv-103totewmx02,13,Adverb,כֹּה,"thus, here"
adv-wdyj85xb4y8f,14,Adverb,אַךְ,"however, surely, indeed"
adv-33uk3jr1o0ru,14,Adverb,אַף,"also, even, indeed"
adv-b31xa8o3kolt,14,Adverb,רַק,only
adv-v6lmszvgr4iv,15,Adverb,כֵּן,"so, thus, therefore, accordinly"
adv-rk5ccbe4z4py,16,Adverb,הַרְבֵּה,abundantly
adv-y9bd8pzuj78n,17,Adverb,יַחְדָּו,together
adv-69jq5e5wfutd,17,Adverb,לָכֵן,therefore
adv-0c25n5d9ljze,17,Adverb,עוֹד מְעַט,soon
adv-vqnv7hwnua7r,17,Adverb,כִּמְעַט,almost
adv-sftx2vhnomq6,17,Adverb,תָּמִיד,"always, constantly"
adv-bg1a9knpj0b6,18,Adverb,טֶ֫רֶם,"not yet, before"
adv-vikyilusgp77,27,Adverb,מָתַי,when?
adv-qw5o2n4gygok,28,Adverb,אוּלַי,perhaps
adv-xl1qx1y6ityz,30,Adverb,בַּל,not
adv-5mi34qv8e6sp,30,Adverb,בְּלִי,without
nou-1yq4yr18wwne,0,Noun,יוֹסֵף,Joseph
nou-xclviukn5xvr,0,Noun,לֵוִי,Levi
nou-31hwdhfnpzef,0,Noun,שָׁאוּל,Saul
nou-msp9kxbokdz5,0,Noun,יִצְחָק,Isaac
nou-648xtyjsr257,0,Noun,שְׁלֹמֹה,Solomon
nou-1itod02g03ck,0,Noun,שֹׁמְרֹן,Samaria
nou-y7zp8nn6t5wy,0,Noun,כֶּ֫רֶם,vineyard
nou-gy62fds8pjgo,0,Noun,נֶ֫גֶב,"the dry country, south, Negev"
nou-0bphn40lm8mq,2,Noun,חָכְמָה,wisdom
nou-woahhgjz49u3,2,Noun,אֲדָמָה,"ground, land, soil"
nou-2egicu4zobdr,2,Noun,דָּבָר,"word, thing, affair, matter"
nou-7ajh5ewwfltd,2,Noun,עוֹלָם,"eternity, perpetuity"
nou-rct5n5d9maqe,2,Noun,אָדָם,"human, humanity, people, person, Adam"
nou-mqnv7hnoub7r,2,Noun,בְּרִית,"covenant, treaty, alliance"
nou-tfkx3vheedh6,2,Noun,גּוֹי,nation
nou-bgra9kdfarbw,2,Noun,דַּ֫עַת,knowledge
nou-viapiclsgg77,2,Noun,זָהָב,gold
nou-qw5o2o4hphfb,2,Noun,חֹ֫דֶשׁ,"new moon, month"
nou-nl1qx1z7jjyz,2,Noun,כֹּהֵן,priest
nou-6m9t4rv8e7tp,2,Noun,כֶּ֫סֶף,"silver, money"
nou-qosidi3lbmpr,2,Noun,מֶ֫לֶךְ,king
nou-l2m8xum0tnx4,2,Noun,מַמְלָכָה,kingdom
nou-ssj9s8gqdpgi,2,Noun,מַלְכוּת,"kingship, reign"
nou-0sqmzxds9dai,2,Noun,נָבִיא,prophet
nou-kv9ahok5fs6k,2,Noun,עֶ֫בֶד,"servant, slave"
nou-g8u1103toten,2,Noun,עֲבוֹדָה,"service, work"
nou-ny02weoj8wxb,2,Noun,צֶ֫דֶק,righteousness
nou-vy8fu3ul3ji2,2,Noun,צְדָקָה,righteousness
nou-p1rucu2ya8o3,2,Noun,קֹ֫דֶשׁ,"holiness, sanctuary"
nou-kfckw6lcjzwg,2,Noun,קוֹל,"voice, sound, thundering"
nou-h4imrk6ccbfv,3,Noun,אֶ֫רֶץ,"land, earth, country (fem)"
nou-z4pyy9ce8p0u,3,Noun,דָּם,blood
nou-j79n7ajh5eww,3,Noun,דֶּ֫רֶךְ,"way, road (masc or fem)"
nou-fltdrct5n5d9,3,Noun,חֶ֫רֶב,sword (fem)
nou-maqemqnv7hno,3,Noun,יָד,"hand, power (fem)"
nou-ub7rtfkx3vhe,3,Noun,לֵב,"heart, mind (masc)"
nou-edh6bgra9kdf,3,Noun,לֵבָב,"heart, mind (masc)"
nou-arbwviapicls,3,Noun,מַ֫יִם,water
nou-gg77qw5o2o4h,3,Noun,מִשְׁפָּט,"judgment, justice, right, custom"
nou-phfbnl1qx1z7,3,Noun,שֹׁפֵט,judge
nou-jjyz6m9t4rv8,3,Noun,נֶ֫פֶשׁ,"self, life, breath, will, person, ""soul"" (fem)"
nou-e7tpqosidi3l,3,Noun,עַ֫יִן,"eye, spring (fem)"
nou-bmprl2m8xum0,3,Noun,פֶּה,mouth
nou-tnx4ssj9s8gq,3,Noun,פָּנִים,"face, presence"
nou-dpgi0sqmzxds,3,Noun,רֶ֫גֶל,foot
nou-9daikv9ahok5,3,Noun,שָׁמַ֫יִם,"heaven, sky"
nou-fs6kg8u1103t,3,Noun,אֹ֫זֶן,ear (fem)
nou-otenny02weoj,3,Noun,אֵל,"god, God, El"
nou-8wxbvy8fu3ul,3,Noun,אֱלֹהִים,"God, gods"
nou-3ji2p1rucu2y,3,Noun,אֵם,mother (fem)
nou-a8o3kfckw6lc,4,Noun,חֶ֫סֶד,"devotion, loyaloty, faithfulness, proper act"
nou-jzwgh4imrk6c,4,Noun,אֶ֫בֶן,stone (fem)
nou-cbfvz4pyy9ce,4,Noun,אָדוֹן,"lord, master, sir"
nou-8p0uj79n7ajh,4,Noun,אֲדוֹנִים,"lord[s], master[s], sir"
nou-5ewwfltdrct5,4,Noun,אוֹר,light
nou-n5d9maqemqnv,4,Noun,אַ֫יִל,ram
nou-7hnoub7rtfkx,4,Noun,אֱנוֹשׁ,"humanity, a human"
nou-3vheedh6bgra,4,Noun,הֵיכָל,"palace, temple"
nou-9kdfarbwviap,4,Noun,חַ֫יִל,"valour, power, army, wealth"
nou-iclsgg77qw5o,4,Noun,חֹ֫שֶׁךְ,darkness
nou-2o4hphfbnl1q,4,Noun,לֶ֫חֶם,"bread, food"
nou-x1z7jjyz6m9t,4,Noun,מַלְאָךְ,"messenger, angel"
nou-4rv8e7tpqosi,4,Noun,מִלְחָמָה,"battle, war"
nou-di3lbmprl2m8,4,Noun,מָקוֹם,place (masc)
nou-xum0tnx4ssj9,4,Noun,סוּס,horse
nou-s8gqdpgi0sqm,4,Noun,עָוֺן,"guilt, iniquity (masc)"
nou-zxds9daikv9a,4,Noun,עוֹלָה,whole (burnt) offering
nou-hok5fs6kg8u1,4,Noun,פְּרִי,fruit
nou-103totenny02,4,Noun,רוּחַ,"spirit, wind, breath (fem)"
nou-weoj8wxbvy8f,5,Noun,רֹאשׁ,"head, top, chief"
nou-u3ul3ji2p1ru,5,Noun,רֵאשִׁית,"first, beginning"
nou-cu2ya8o3kfck,5,Noun,אָב,father
nou-w6lcjzwgh4im,5,Noun,אֹ֫הֶל,tent
nou-rk6ccbfvz4py,5,Noun,אָח,brother
nou-y9ce8p0uj79n,5,Noun,אָחוֹת,sister
nou-u1yit6kxtm8e,5,Noun,אִישׁ,"man, male, husband"
nou-edh627s10beg,5,Noun,אִשָּׁה,"woman, female, wife (fem)"
nou-ar2xm9bp9clt,5,Noun,בַּ֫יִת,house
nou-7g8yhwwf2e47,5,Noun,בֵּן,"son, grandson"
nou-p7fbom1hyspx,5,Noun,בַּת,daughter
nou-9jyqwd9tvhvz,5,Noun,הַר,mountain
nou-5xjpqps8di3c,5,Noun,יוֹם,day
nou-bnprl3d8xkm0,5,Noun,יָם,sea
nou-knxuis99sy7q,5,Noun,כְּלִי,"vessel, instrument, weapon"
nou-4q6j1jrmzn3s,5,Noun,מַעֲשֶׂה,deed
nou-z319lv018ok5,5,Noun,עִיר,city (fem)
nou-6txag9vrsruk,5,Noun,עַם,people
nou-ot5nnyrtn4oa,5,Noun,שַׂר,"commander, ruler, prince"
nou-8wo2vpz6uull,5,Noun,רִאשׁוֹן,"the first, former"
nou-4ai2f1iu2uso,6,Noun,אֲרוֹן,"ark of the covenant, chest"
nou-1zf3bfckwxcd,6,Noun,חַטָּאת,"sin, sin offering"
nou-jzm7i48mrk63,6,Noun,יהוה,YHWH
nou-325vqvgzp024,6,Noun,לַ֫יְלָה,night (masc)
nou-yg0la7zd70ah,6,Noun,הַלַּ֫יְלָה,"the night, tonight"
nou-55wn6lu4r3tw,6,Noun,הַיּוֹם,"the day, today"
nou-e640caq5mqow,6,Noun,דָּוִד,David
nou-y8nou1yit6kx,6,Noun,יְהוּדָה,Judah
nou-tm8eedh627s1,6,Noun,יְרוּשָׁלַ֫םִ,Jerusalem
nou-0begar2xm9bp,6,Noun,יִשְׂרָאֵל,Israel
nou-9clt7g8yhwwf,6,Noun,מֹשֶׁה,Moses
nou-2e47p7fbom1h,6,Noun,מִצְרַ֫יִם,Egypt
nou-yspx9jyqwd9t,7,Noun,חַיִּים,life
nou-vhvz5xjpqps8,7,Noun,יֹשֶׁר,"uprightness, straightness"
nou-di3cbnprl3d8,7,Noun,יְשָׁרָה,uprightness
nou-xkm0knxuis99,7,Noun,רֹב,abundance
nou-sy7q4q6j1jrm,7,Noun,רָעָה,"disaster, harm"
nou-zn3sz319lv01,7,Noun,רָעָב,"famine, hunger"
nou-8ok56txag9vr,7,Noun,אַבְרָהָם,Abraham
nou-srukot5nnyrt,7,Noun,יַעֲקֹב,Jacob
nou-n4oa8wo2vpz6,7,Noun,כָּבוֹד,"glory, honour"
nou-uull4ai2f1iu,8,Noun,אֲהָבָה,love
nou-2uso1zf3bfck,8,Noun,אֹ֫כֶל,food
nou-wxcdjzm7i48m,8,Noun,אָכְלָה,food
nou-rk63325vqvgz,8,Noun,יֶ֫לֶד,"boy, child"
nou-p024yg0la7zd,8,Noun,מַטֶּה,"branch, tribe, staff (masc)"
nou-70ah55wn6lu4,8,Noun,מַרְאֶה,"sight, appearance"
nou-r3twe640caq5,9,Noun,הוּא,"he, it, that"
nou-mqowy8nou1yi,9,Noun,הִיא,"she, it, that"
nou-t6kxtm8eedh6,9,Noun,אַתָּה,you (masc sing subject)
nou-27s10begar2x,9,Noun,אַתְּ,you (fem sing subject)
nou-m9bp9clt7g8y,9,Noun,אֲנִי,I
nou-hwwf2e47p7fb,9,Noun,הֵם,"they, those (masc)"
nou-om1hyspx9jyq,9,Noun,הֵ֫נָּה,"they, those (fem)"
nou-wd9tvhvz5xjp,9,Noun,אַתֶּם,you (masc plural subject)
nou-qps8di3cbnpr,9,Noun,אַתֶּן,you (fem plural subject)
nou-l3d8xkm0knxu,9,Noun,אֲנַ֫חְנוּ,we
nou-is99sy7q4q6j,9,Noun,אֹתוֹ,"him, it"
nou-1jrmzn3sz319,9,Noun,אֹתָהּ,"her, it"
nou-lv018ok56txa,9,Noun,אֹתְךָ,you (masc sing object)
nou-g9vrsrukot5n,9,Noun,אֹתָךְ,you (fem sing object)
nou-nyrtn4oa8wo2,9,Noun,אֹתִי,me
nou-vpz6uull4ai2,9,Noun,אֶתְהֶם,them (masc)
nou-f1iu2uso1zf3,9,Noun,אֶתְהֶן,them (fem)
nou-bfckwxcdjzm7,9,Noun,אֶתְכֶּם,you (masc plural object)
nou-i48mrk63325v,9,Noun,אֹתָ֫נוּ,us
nou-qvgzp024yg0l,9,Noun,מִזְבֵּחַ,altar (masc)
nou-a7zd70ah55wn,9,Noun,זֶ֫בַח,sacrifice
nou-6lu4r3twe640,9,Noun,אֵשׁ,fire (fem)
nou-caq5mqowy8no,9,Noun,גִּבּוֹר,"hero, warrior"
nou-gjsqen55ou2m,9,Noun,גְּבוּרָה,"strength, might"
nou-0l2ewemivjzn,9,Noun,דּוֹר,"generation (masc sing, fem plural)"
nou-vzw4gqwx3kg0,9,Noun,זֶ֫רַע,seed
nou-2ot6c4qnnmqf,9,Noun,מִדְבָּר,"desert, wilderness, wasteland"
nou-kp0jitmoj0k5,9,Noun,נָהָר,"river (masc sing, masc or fem plural)"
nou-4rjyrlu1ppgg,9,Noun,עֵץ,"tree, wood"
nou-z5exbxdqyqok,9,Noun,פַּרְעֹה,Pharaoh (king of Egypt)
nou-wuaz6a8gss78,9,Noun,שָׂדֶה,"field, country (masc)"
nou-fvi2d04hng2y,9,Noun,שֵׁם,name (masc)
nou-zx1rmrcukvy0,9,Noun,שָׁנָה,year (fem)
nou-ubvh63v92w6d,9,Noun,אֵלִיָּה,Elijah
nou-11si1hpzmypr,9,Noun,דָנִיֵּאל,Daniel
nou-91zv86m1imjr,9,Noun,רִבְקָה,Rebecca
nou-t4ijqxteo1ft,10,Noun,מִי,who? (personal interrogative pronoun)
nou-ph3aa9c2x2nw,10,Noun,מַה־◌ּ,what? (impersonal interrogative pronoun)
nou-w79b5nxsh56k,10,Noun,אוֹת,"sign, mark (masc sing and fem plural)"
nou-47ho3c3ucsrb,10,Noun,בַּד,solitude
nou-ya03l3b7jhxc,10,Noun,כִּסֵּא,"throne, chair (masc)"
nou-tolt5fuls85p,10,Noun,נַ֫עַר,lad
nou-qdrv0tfllko4,10,Noun,עֵת,"time, season"
nou-8dy77ilnhy93,10,Noun,שָׁלוֹם,"peace, well-being, wholeness"
nou-sgiwgjsqen55,10,Noun,שֶׁ֫מֶשׁ,sun (fem)
nou-ou2m0l2ewemi,10,Noun,תּוֹרָה,"instruction, law"
nou-vjznvzw4gqwx,11,Noun,יָרֵךְ,thigh
nou-3kg02ot6c4qn,11,Noun,כָּתֵף,shoulder
nou-nmqfkp0jitmo,11,Noun,בֶּ֫גֶד,garment
nou-j0k54rjyrlu1,11,Noun,בָּקָר,large cattle
nou-ppggz5exbxdq,11,Noun,בֹּ֫קֶר,morning
nou-yqokwuaz6a8g,11,Noun,חוֹמָה,wall
nou-ss78fvi2d04h,11,Noun,חוּץ,"street, outside (masc)"
nou-ng2yzx1rmrcu,11,Noun,יַ֫יִן,wine
nou-kvy0ubvh63v9,11,Noun,כָּנָף,"wing, skirt (fem)"
nou-2w6d11si1hpz,11,Noun,כְּרוּב,cherub
nou-mypr91zv86m1,11,Noun,מָ֫וֶת,death
nou-imjrt4ijqxte,11,Noun,מָטָר,rain
nou-o1ftph3aa9c2,11,Noun,מְלָאכָה,"mission, work"
nou-x2nww79b5nxs,11,Noun,נְאֻם,oracle
nou-h56k47ho3c3u,11,Noun,סֵ֫פֶר,"book, scroll, letter"
nou-csrbya03l3b7,11,Noun,עֵדָה,"council, counsel"
nou-jhxctolt5ful,11,Noun,עָפָר,dust
nou-s85pqdrv0tfl,11,Noun,צֹאן,"small cattle, flock, sheep and goats"
nou-lko48dy77iln,11,Noun,צָבָא,"host, army (both genders)"
nou-hy93sgiwgjsq,11,Noun,תָּ֫וֶךְ,midst
nou-en55ou2m0l2e,12,Noun,מִשְׁפָּחָה,family
nou-wemivjznvzw4,12,Noun,אַף,"nose, face, anger"
nou-gqwx3kg02ot6,12,Noun,חֵמָה,"heat, rage"
nou-c4qnnmqfkp0j,12,Noun,חֲצִי,"half, middle"
nou-itmoj0k54rjy,12,Noun,חָצֵר,court (masc)
nou-rlu1ppggz5ex,12,Noun,חֹק,statute
nou-bxdqyqokwuaz,12,Noun,חֻקָּה,statute
nou-6a8gss78fvi2,12,Noun,כֹּחַ,"strength, power"
nou-d04hng2yzx1r,12,Noun,מִגְדָּל,tower
nou-mrcukvy0ubvh,12,Noun,מִנְחָה,"gift, offering"
nou-63v92w6d11si,12,Noun,מִצְוָה,commandment
nou-1hpzmypr91zv,12,Noun,נֵ֫דֶר,vow
nou-86m1imjrt4ij,12,Noun,נֶ֫דֶר,vow
nou-qxteo1ftph3a,12,Noun,נַחֲלָה,inheritance
nou-a9c2x2nww79b,12,Noun,עֹז,strength
nou-5nxsh56k47ho,12,Noun,עַז,strong
nou-3c3ucsrbya03,12,Noun,עָנָן,cloud
nou-l3b7jhxctolt,12,Noun,רֵעַ,friend
nou-5fuls85pqdrv,12,Noun,רֵעֶה,"friend, companion"
nou-0tfllko48dy7,12,Noun,שֵׁן,"tooth, ivory"
nou-7ilnhy93sgiw,12,Noun,תִּפְאֶ֫רֶת,"glory, beauty, splendour"
nou-ljzevzx57hwx,12,Noun,מַחֲנֶה,"camp, army"
nou-3a7r2ft62vhn,13,Noun,אֹיֵב,enemy
nou-nmqfbg1a9knp,13,Noun,מִשְׁכָּן,tabernacle
nou-j0b6vikyilu2,13,Noun,שָׁכֵן,neighbour
nou-gph7q55obndg,13,Noun,עֳנִי,affliction
nou-ygokxvaq71y6,13,Noun,פַּר,young bull
nou-is7z5mi24q48,13,Noun,צָפוֹן,"north, Zaphon"
nou-e6syzy1hmrcl,13,Noun,קֶ֫דֶם,"east, antiquity, front"
nou-kwy0ucmh6tv9,13,Noun,רֹעֶה,shepherd
nou-tw63r1ii17gz,13,Noun,תֵּימָן,"south, Teman"
nou-dzfsas0v8wc1,13,Noun,יִרְאָה,fear
nou-8caiu49ahxte,14,Noun,אֹ֫רֶךְ,length
nou-f26jpi40103t,14,Noun,רֹ֫חַב,"width, breadth"
nou-x2eww702wdxj,14,Noun,בֹּ֫שֶׁת,shame
nou-h5xb4y8f33uu,14,Noun,מָגוֹר,sojourning [place]
nou-djrboar3b31x,14,Noun,גֵּר,sojourner
nou-a8ockolt56lm,15,Noun,בְּרָכָה,blessing
nou-s8vgrdhv0tfc,15,Noun,בֶּ֫רֶךְ,knee (fem)
nou-cbe4z4p8y9bd,15,Noun,תְּהִלָּה,"praise, song of praise"
nou-7p9ujg8mg9jq,15,Noun,מִסְפָּר,number
nou-ee5wfu3d0c25,15,Noun,פֹּ֫עַל,deed
nou-nfd9ljzevzx5,15,Noun,מִקְדָּשׁ,sanctuary
nou-7hwx3a7r2ft6,15,Noun,בָּשָׂר,flesh
nou-2vhnnmqfbg1a,15,Noun,נַ֫חַל,"stream, wadi"
nou-9knpj0b6viky,15,Noun,נְחֹ֫שֶׁת,"bronze, copper"
nou-ilu2gph7q55o,16,Noun,בְּכֹר,first-born
nou-bndgygokxvaq,16,Noun,כַּף,"palm, sole (fem)"
nou-71y6is7z5mi2,16,Noun,פֶּ֫תַח,"opening, entrance"
nou-4q48e6syzy1h,16,Noun,רֶ֫כֶב,chariotry
nou-mrclkwy0ucmh,16,Noun,מֶרְכָּבָה,chariot
nou-6tv9tw63r1ii,16,Noun,שֶׁ֫קֶר,"deception, falsehood"
nou-17gzdzfsas0v,16,Noun,יְשׁוּעָה,"deliverance, salvation"
nou-8wc18caiu49a,16,Noun,יֵ֫שַׁע,"deliverance, salvation"
nou-hxtef26jpi40,16,Noun,תְּשׁוּעָה,"deliverance, salvation"
nou-103tx2eww702,16,Noun,מַכָּה,"blow, strike"
nou-wdxjh5xb4y8f,16,Noun,צְעָקָה,cry
nou-33uudjrboar3,16,Noun,הִשְׁלִיךְ,"to throw, cast"
nou-b31xa8ockolt,16,Noun,מִשְׁתֶּה,banquet
nou-56lms8vgrdhv,17,Noun,יָמִין,"right side, right hand"
nou-0tfccbe4z4p8,17,Noun,לָשׁוֹן,tongue
nou-y9bd7p9ujg8m,17,Noun,שָׂפָה,"lip, edge, language"
nou-g9jqee5wfu3d,17,Noun,שִׁפְחָה,female servant
nou-0c25nfd9ljze,17,Noun,תּוֹעֵבָה,abomination
nou-vzx57hwx3a7r,17,Noun,שִׂנְאָה,hatred
nou-2ft62vhnnmqf,18,Noun,מָחֳרָת,"the morrow, the next day, time to come"
nou-bg1a9knpj0b6,18,Noun,מָחָר,"the morrow, time to come"
nou-vikyilu2gph7,18,Noun,עֶ֫צֶם,"bone, substance, self (fem)"
nou-q55obndgygok,18,Noun,עֶ֫רֶב,evening
nou-xvaq71y6is7z,18,Noun,תּוֹדָה,thanksgiving
nou-5mi24q48e6sy,18,Noun,כִּפֻּר,atonement
nou-zy1hmrclkwy0,18,Noun,קֶ֫בֶר,grave
nou-ucmh6tv9tw63,18,Noun,קְטֹ֫רֶת,incense
nou-r1ii17gzdzfs,18,Noun,שִׂמְחָה,joy
nou-as0v8wc18cai,18,Noun,שָׂרָף,Saraph (a winged cobra)
nou-u49ahxtef26j,19,Noun,חֵן,"grace, favour"
nou-pi40103tx2ew,19,Noun,עֵצָה,"counsel, plan, advice"
nou-w702wdxjh5xb,19,Noun,שֵׁ֫בֶט,"rod, tribe"
nou-4y8f33uudjrb,19,Noun,שַׁ֫עַר,gate
nou-oar3b31xa8oc,19,Noun,אֱמוּנָה,truth
nou-kolt56lms8vg,19,Noun,אָסִיר,prisoner
nou-rdhv0tfccbe4,19,Noun,חֵ֫לֶק,"portion, lot"
nou-z4p8y9bd7p9u,19,Noun,חֵ֫פֶץ,"desire, pleasure"
nou-jg8mg9jqee5w,19,Noun,מַחֲשָׁבָה,thought
nou-fu3d0c25nfd9,20,Noun,בְּהֵמָה,"wild animal, beast, cattle"
nou-ctp9bx2fldzw,20,Noun,חֲמוֹר,he-ass
nou-wvyoty9sr2vx,20,Noun,מִגְרָשׁ,pasture land
nou-s9ted0s70t3a,20,Noun,קָצֶה,"extremity, end"
nou-yypp8en6k6mz,20,Noun,שֶׂה,"lamb, kid"
nou-7zxt53j8fjhp,20,Noun,שַׂק,sack
nou-11gho4rbm9dq,20,Noun,שֶׁ֫מֶן,"oil, fat"
nou-wpb786azv0l3,20,Noun,זֹנָה,"prostitute, promiscuous woman"
nou-t4793k4qfc4i,20,Noun,חָזוֹן,vision
nou-b5ema91raqy8,20,Noun,נֶ֫גַע,"plague, stroke"
nou-v7y0ia84hfua,20,Noun,צוֹם,"fast, fasting"
nou-rvs02drsz62n,21,Noun,אַמָּה,cubit
nou-xao2yqcjjilb,21,Noun,אֱמֶת,"truth, reliability, firmness"
nou-6bw54gikew61,21,Noun,בָּמָה,high place (a sanctuary)
nou-qdftdgqxclc3,21,Noun,חֲלוֹם,dream (masc)
nou-l10j7j9cuckg,21,Noun,יֶ֫תֶר,"remainder, excess"
nou-sq6l2xu2eo3u,21,Noun,כֶּ֫בֶשׂ,young ram
nou-1heyzm0392ou,21,Noun,כֶּ֫שֶׂב,young ram
nou-utxdhm7ggruw,21,Noun,לוּחַ,tablet (masc)
nou-q7ic1pr5os1z,21,Noun,עֹ֫שֶׁר,wealth
nou-nweex3bv8ubn,21,Noun,מְנוּחָה,rest
nou-5nvr4s8w485d,21,Noun,שִׁיר,song
nou-pz56ctp9bx2f,22,Noun,אָ֫וֶן,"wickedness, trouble, sorrow"
nou-ldzwwvyoty9s,22,Noun,אֵ֫מֶר,"word, saying"
nou-r2vxs9ted0s7,22,Noun,בִּנַה,"understanding, perception"
nou-0t3ayypp8en6,22,Noun,בַּ֫עַל,"lord, master, husband, owner, Baal"
nou-k6mz7zxt53j8,22,Noun,גְּבוּל,"territory, boundary"
nou-fjhp11gho4rb,22,Noun,חֵיק,bosom
nou-m9dqwpb786az,22,Noun,צָרָה,distress
nou-v0l3t4793k4q,22,Noun,קֶ֫רֶב,"inward part, inner parts, middle, midst"
nou-fc4ib5ema91r,22,Noun,רַ֫חַם,"womb, mercy (fem)"
nou-aqy8v7y0ia84,22,Noun,רַחֲמִים,compassion
nou-hfuarvs02drs,22,Noun,רִיב,"controversy, dispute"
nou-z62nxao2yqcj,22,Noun,מוּסָר,"discipline, chastening"
nou-jilb6bw54gik,22,Noun,מִקְנֶה,"possession, property"
nou-ew61qdftdgqx,22,Noun,קִנְיָן,property
nou-clc3l10j7j9c,23,Noun,יַבָּשָׁה,dry ground
nou-uckgsq6l2xu2,23,Noun,מָלוֹן,lodging place
nou-eo3u1heyzm03,23,Noun,פֶּ֫גַע,happening
nou-92ouutxdhm7g,24,Noun,שְׁנַ֫יִם,two (masc)
nou-gruwq7ic1pr5,24,Noun,שְׁתַּ֫יִם,two (fem)
nou-os1znweex3bv,24,Noun,שָׁלֹשׁ,three (always disagree in gender)
nou-8ubn5nvr4s8w,24,Noun,אַרְבַּע,four (always disagree in gender)
nou-485dpz56ctp9,24,Noun,חָמֵשׁ,five (always disagree in gender)
nou-bx2fldzwwvyo,24,Noun,שֵׁשׁ,six (always disagree in gender)
nou-ty9sr2vxs9te,24,Noun,שֶׁ֫בַע,seven (always disagree in gender)
nou-d0s70t3ayypp,24,Noun,שְׁמֹנֶה,eight (always disagree in gender)
nou-8en6k6mz7zxt,24,Noun,תֵּ֫שַׁע,nine (always disagree in gender)
nou-53j8fjhp11gh,24,Noun,עֶ֫שֶׂר,ten (always disagree in gender)
nou-o4rbm9dqwpb7,24,Noun,עָשָׂר,teen (agrees in gender)
nou-86azv0l3t479,24,Noun,עֶשְׂרִים,twenty
nou-3k4qfc4ib5em,24,Noun,אַרְבָּעִים,forty
nou-a91raqy8v7y0,24,Noun,חֲמִשִּׁים,fifty
nou-ia84hfuarvs0,24,Noun,מֵאָה,hundred (fem. with masc. modifiers)
nou-2drsz62nxao2,24,Noun,אֶ֫לֶף,"thousand, tribe (masc. with fem. modifiers)"
nou-yqcjjilb6bw5,24,Noun,רְבָבָה,ten thousand
nou-4gikew61qdft,24,Noun,אָמָה,female slave
nou-dgqxclc3l10j,24,Noun,אֹ֫רַח,path
nou-7j9cuckgsq6l,24,Noun,גָּאוֹן,pride
nou-2xu2eo3u1hey,24,Noun,גִּבְעָה,hill
nou-zm0392ouutxd,24,Noun,זְרוֹעַ,arm (fem)
nou-hm7ggruwq7ic,24,Noun,מוֹפֵת,"sign, omen (masc)"
nou-1pr5os1znwee,24,Noun,פֶּ֫סֶל,idol
nou-x3bv8ubn5nvr,24,Noun,קָהָל,assembly
nou-4s8w485dpz56,24,Noun,שָׁוְא,"emptiness, vanity"
nou-87aqv0lut479,24,Noun,שׁוֹר,bull
nou-3lvqf24i25fc,24,Noun,שְׂמֹאל,"left, left hand, left side"
nou-0arragp8m8o1,24,Noun,שַׁבָּת,"Sabbath, rest (masc or sing)"
nou-j194h5lahljr,24,Noun,עֵד,"witness, testimony"
nou-3dijq62nobfs,24,Noun,קִנְאָה,jealousy
nou-yrd9a8c26bn5,25,Noun,אֶ֫רֶז,cedar
nou-5g9b5m6sqe6k,25,Noun,בָּחוּר,young man
nou-d7hocc33ms0k,25,Noun,בְּתוּלָה,young woman
nou-xj0ckca6jhxl,25,Noun,גַּיְא,valley
nou-txu2eftv1h4p,25,Noun,חַג,festival
nou-0mq492ollknd,25,Noun,יָרֵחַ,moon
nou-8dyh7ikmgyi3,25,Noun,כּוֹכָב,star
nou-sphvpisznne5,25,Noun,לְאֹם,people
nou-n3cm9lbewomi,25,Noun,מִזְרָח,"sunrise, east"
nou-us8n486egq56,25,Noun,מָרוֹם,"height, high place"
nou-cjg0bo2fb4qw,25,Noun,נָשִׂיא,prince
nou-wvzojo9iitwy,25,Noun,פַּ֫עַם,"step, occurrence"
nou-s9ke3rt7ru3b,25,Noun,שֻׁלְחָן,table
nou-pyqgzedxkwmp,26,Noun,אַרְיֵה,lion
nou-7pxt64jyga7f,26,Noun,בֶּ֫טֶן,"belly, body (fem)"
nou-r1g8evrbdzdh,26,Noun,מוֹעֵד,appointed time/place; season
nou-nf1787aqv0lu,26,Noun,עֵז,(she) goat
nou-t4793lvqf24i,26,Noun,חֵ֫רֶם,ban
nou-25fc0arragp8,26,Noun,יוֹנֵק,infant
nou-m8o1j194h5la,26,Noun,מָכוֹן,"place, support"
nou-hljr3dijq62n,26,Noun,נִפְלֵאת,wonder
nou-obfsyrd9a8c2,26,Noun,פֶּ֫לֶא,wonder
nou-6bn55g9b5m6s,27,Noun,אוֹצָר,"treasure, treasury, storehouse (masc)"
nou-qe6kd7hocc33,27,Noun,דֶּ֫לֶת,door
nou-ms0kxj0ckca6,27,Noun,זָכָר,male
nou-jhxltxu2eftv,27,Noun,חִטָּה,wheat (fem)
nou-1h4p0mq492ol,27,Noun,נֵר,lamp
nou-lknd8dyh7ikm,27,Noun,קָצִיר,harvest
nou-gyi3sphvpisz,27,Noun,תְּחִלָּה,beginning
nou-nne5n3cm9lbe,27,Noun,נָכְרִי,foreigner
nou-womius8n486e,27,Noun,מַצֵּבָה,standing stone
nou-gq56cjg0bo2f,27,Noun,קְלָלָה,curse
nou-b4qwwvzojo9i,28,Noun,אָתוֹן,(she-) ass
nou-itwys9ke3rt7,28,Noun,מִדָּה,"measure, measurement"
nou-ru3bpyqgzedx,28,Noun,פָּלִיט,fugitive
nou-kwmp7pxt64jy,28,Noun,פְּלֵיטָה,"escape, what has escaped/survived"
nou-ga7fr1g8evrb,28,Noun,תֹּם,"integrity, completeness"
nou-dzdhnf1787aq,29,Noun,גּוֹרָל,lot (masc)
nou-v0lut4793lvq,29,Noun,גַּל,"wave, heap (of stone)"
nou-f24i25fc0arr,29,Noun,דָּג,fish
nou-agp8m8o1j194,29,Noun,הֶ֫בֶל,"idol, futility"
nou-h5lahljr3dij,29,Noun,יְרֵכָה,"rear, hindmost part"
nou-q62nobfsyrd9,29,Noun,מֵעִים,"bowels, entrails"
nou-a8c26bn55g9b,29,Noun,קֵץ,end
nou-5m6sqe6kd7ho,29,Noun,שָׂכָר,"reward, wages"
nou-cc33ms0kxj0c,29,Noun,שְׂאוֹל,"Sheol, the underworld"
nou-kca6jhxltxu2,29,Noun,תְּהוֹם,"deep, ocean, abyss (masc or fem)"
nou-eftv1h4p0mq4,29,Noun,תְּפִלָּה,prayer
nou-92ollknd8dyh,30,Noun,הָדָר,"splendour, grandeur, adornment"
nou-7ikmgyi3sphv,30,Noun,זָמִיר,song
nou-pisznne5n3cm,30,Noun,מִזְמֹר,psalm
nou-9lbewomius8n,30,Noun,יַ֫עַר,forest
nou-486egq56cjg0,30,Noun,עוֹף,"bird, fowl"
nou-bo2fb4qwwvzo,30,Noun,צוּר,rock (mountain)
nou-jo9iitwys9ke,30,Noun,צַר,adversary
nou-3rt7ru3bpyqg,30,Noun,תֵּ֫בֵל,world
nou-zedxkwmp7pxt,30,Noun,תְּרוּעָה,"alarm, shout"
pcl-96zd609g54vm,9,Particle,הִנֵּה,Here now! (Idea of immediacy)
pcl-5kt3q2svd53z,9,Particle,אֵת,(definite direct object)
pcl-cap4lqnvx7mn,10,Particle,אֲשֶׁר,"that, who, which, when (relative particle); that, so that, for, because (conjunction)"
pcl-u1xhs5jwtl7d,10,Particle,יֵשׁ,there exist(s)/is/are
pcl-edg616r0zadf,10,Particle,יֶשְׁנוֹ,he is/exists
pcl-9q1wl8ao8bls,10,Particle,אֵין,there exists(s)/is/are not
pcl-6g7xgwve1e47,10,Particle,לֹא,not (general or continuous)
pcl-p7fanl1gxrpx,10,Particle,הֲ◌,[ ]? (interrogative particle)
pcl-9jypwc8tuhvy,10,Particle,בַּאֲשֶׁר,"in that, inasmuch as"
pcl-4xjppor8ch2b,10,Particle,כַּאֲשֶׁר,"as, even as, when"
pcl-bmoql2c7wkl0,10,Particle,עֵ֫קֶב,because
pcl-jmwuir99sy6q,10,Particle,יַ֫עַן,"because, on account of"
pcl-3p6i0iqmyn3r,10,Particle,כִּי,"for, because, that, indeed, (quotation)"
pcl-z308kuz07nk4,14,Particle,אוֹ,or
pcl-5swaf8urrqtj,14,Particle,אִם,"if, or, either"
pcl-ot4nmxqsm4o9,14,Particle,כִּי אִם,"rather, except, yet"
pcl-8vn1voy5ttkk,15,Particle,עַל־כֵּן,"for this reason, therefore"
pcl-39i1f0ht2uso,18,Particle,נָא,[  ]! (exclamation)
pcl-0ye3aebkvwbc,18,Particle,לְמַ֫עַן,"in order that, so that"
pcl-izm6h38lrj52,18,Particle,פֶּן־,lest
pcl-215upufyoz24,18,Particle,אַל,not (specific or instantaneous)
pcl-yfzk96zd609g,23,Particle,לְבִלְתִּי,not (infinitive)
pcl-54vm5kt3q2sv,23,Particle,בְּלֹא,without
pcl-d53zcap4lqnv,23,Particle,בְּלִי,without
pcl-x7mnu1xhs5jw,29,Particle,לוּ,if (hypothetical)
pcl-tl7dedg616r0,29,Particle,לוּלֵי,if not (hypothetical)
pcl-zadf9q1wl8ao,29,Particle,אֲהָהּ,Ah!
prp-urjxqku1ppg6,6,Preposition,אַ֫חַר,"after, behind"
prp-p5dnamdfxpnj,6,Preposition,אַחֲרֵי,"after, behind"
prp-wuap6a7fhs78,6,Preposition,אֶל־,"unto, into, to, toward"
prp-elh2dp3hd5ry,6,Preposition,בְּ,"in, by, with, among, through, as"
prp-yx0qlqbkkvxz,6,Preposition,בֵּין,between
prp-tblg5tu8sv5c,6,Preposition,כְּ,"like, as, about, according to"
prp-r0ri0gfzmyor,6,Preposition,לְ,"to, for, in regard to, with reference to"
prp-9rzv75l0hc9h,6,Preposition,לִפְנֵי,before
prp-t3i9gwtde1fj,6,Preposition,עַל־פְּנֵי,"on the surface of, before"
prp-oh3998csx2nv,6,Preposition,מִפְנֵי,"from the presence of, because of"
prp-v69b5mxsh46k,6,Preposition,מִלִּפְנֵי,"from the presence of, because of"
prp-47ge2bttciqa,6,Preposition,מִן־,"from, away from, out of, some of, because of, emphasis"
prp-o9q2k2a6j7nc,6,Preposition,עַד־,"until, as far as"
prp-jnks4eklr84o,6,Preposition,עַל־,"upon, on, over, concerning, beside, against"
prp-qchu0sebbae3,6,Preposition,תַּ֫חַת,"under, beneath, instead of, in place of"
prp-8do76iac7o8t,6,Preposition,נֶ֫גֶד,in front of
prp-sf7mf9ipdd44,9,Preposition,אֵת,"with, together with"
prp-nt2lzl1emec8,9,Preposition,סָבִיב,around
prp-kiynuyw4ggvw,9,Preposition,עִם,with
prp-3j6q1os5b4qm,20,Preposition,בַּעֲבוּר,"for the sake of, on account of"
prp-nmpfaf0i8jmo,20,Preposition,לִקְרָאת,"toward, against"
prp-izj5urjxqku1,20,Preposition,מַ֫עַל,above
prp-ppg6p5dnamdf,22,Preposition,אֵ֫צֶל,"near, beside"
prp-xpnjwuap6a7f,29,Preposition,בַּ֫עַד,"through, around, on behalf of"
vrb-pmeslfowkjb1,0,Verb,הִשְׁתַּחֲוָה,to bow down
vrb-kz8i5h8askie,2,Verb,מָלַךְ,"to reign, rule"
vrb-rp4k152acn12,2,Verb,עָבַד,"to serve, work, till, worship"
vrb-9gcx7kyc80mt,3,Verb,שָׁפַט,to judge
vrb-tsvlgl6feqsu,3,Verb,פָּנָה,"to face, turn"
vrb-o6gb0np3nq07,4,Verb,עָלָה,"to go up, ascend"
vrb-mvmdvbathtjm,5,Verb,עָשָׂה,"to do, make, perform"
vrb-4mup20gvc74c,6,Verb,חָטָא,to sin
vrb-oyd4bro89wad,7,Verb,חָזַק,"to be strong, prevail"
vrb-jcy4437nrwhq,7,Verb,כָּבֵד,"to be important; to be weighty, heavy"
vrb-q1450hsmbz0f,7,Verb,רָעֵב,to be hungry
vrb-y2b9x6oo7dl5,8,Verb,אָהַב,to love
vrb-i4lxfx51e2i6,8,Verb,אָכַל,"to eat, consume, devour"
vrb-eifnz9fgm3zj,8,Verb,אָמַר,to say
vrb-l7cpun96658y,8,Verb,בּוֹא,"to come, enter"
vrb-38j21c572j3o,8,Verb,בָּנָה,to build
vrb-na2ha3dk88zz,8,Verb,גָּלָה,"to uncover, go away, go into exile"
vrb-ioxgufw9h973,8,Verb,הָלַךְ,"to walk, go"
vrb-fdtiptrzabqr,8,Verb,יָדַע,to know
vrb-ye1lwjn06zkh,8,Verb,יָלַד,"to bear, beget"
vrb-igk95avd3ehj,8,Verb,יָצָא,"to go out, go forth"
vrb-due0pmeslfow,8,Verb,יָרַד,"to go down, descend"
vrb-kjb1kz8i5h8a,8,Verb,יָשַׁב,"to dwell, sit, remain"
vrb-skierp4k152a,8,Verb,כָּתַב,"to write, record, register"
vrb-cn129gcx7kyc,8,Verb,מָצָה,to find
vrb-80mttsvlgl6f,8,Verb,נָטָה,"to stretch out, extend, incline"
vrb-eqsuo6gb0np3,8,Verb,נָתַן,"to give, deliver, set, permit"
vrb-nq07mvmdvbat,8,Verb,עָבַר,"to cross over, pass over, transgress"
vrb-htjm4mup20gv,8,Verb,עָמַד,"to stand, remain, persist"
vrb-c74coyd4bro8,8,Verb,קָרָא,"to call, proclaim; (sometimes to encounter, meet)"
vrb-9wadjcy4437n,8,Verb,רָאָה,to see
vrb-rwhqq1450hsm,8,Verb,שָׁאַל,"to ask, inquire"
vrb-bz0fy2b9x6oo,8,Verb,שָׁמַע,"to hear, listen, obey"
vrb-7dl5i4lxfx51,8,Verb,שָׁמַר,"to keep, observe, watch"
vrb-e2i6eifnz9fg,9,Verb,זָבַח,to slaughter
vrb-m3zjl7cpun96,9,Verb,כָּרַת,to cut
vrb-658y38j21c57,9,Verb,שָׁלַח,"to send, stretch out, let go"
vrb-2j3ona2ha3dk,9,Verb,זָרַע,to sow
vrb-88zzioxgufw9,10,Verb,בָּכָה,to weep
vrb-h973fdtiptrz,10,Verb,יָרָה,"to teach, instruct, cast"
vrb-abqrye1lwjn0,10,Verb,בָּרָא,to create
vrb-6zkhigk95avd,10,Verb,יָצַר,to form
vrb-3ehjdue0pmes,10,Verb,מָשַׁל,"to govern, dominate"
vrb-lfowkjb1kz8i,10,Verb,נָפַל,to fall
vrb-5h8askierp4k,10,Verb,שָׁכַב,to lie down
vrb-152acn129gcx,11,Verb,שׁוּב,"to turn, return"
vrb-7kyc80mttsvl,12,Verb,חָצָה,to divide
vrb-gl6feqsuo6gb,12,Verb,נָדַר,to vow
vrb-0np3nq07mvmd,12,Verb,חָנָה,to camp
vrb-vbathtjm4mup,12,Verb,לֵאמֹר,(introduces a quotation)
vrb-20gvc74coyd4,13,Verb,אָבָה,"to be willing, want, consent"
vrb-bro89wadjcy4,13,Verb,שָׁכַן,to dwell
vrb-437nrwhqq145,13,Verb,רָעָה,"to tend, feed"
vrb-0hsmbz0fy2b9,13,Verb,זָכַר,to remember
vrb-x6oo7dl5i4lx,13,Verb,יָרֵא,"to fear, be afraid"
vrb-fx51e2i6eifn,13,Verb,כָּבֵד,"to be[come] weighty, important, rich"
vrb-z9fgm3zjl7cp,13,Verb,לָקַח,"to receive, take"
vrb-un96658y38j2,13,Verb,מָשַׁח,to anoint
vrb-1c572j3ona2h,13,Verb,עָזַב,"to abandon, leave, forsake"
vrb-a3dk88zzioxg,14,Verb,אָרֵךְ,to be long
vrb-ufw9h973fdti,14,Verb,רָחַב,"to be wide, broad"
vrb-ptrzabqrye1l,14,Verb,בּוֹשׁ,to be ashamed
vrb-wjn06zkhigk9,14,Verb,בָּחַר,to choose
vrb-5avd3ehjdue0,14,Verb,גּוּר,to sojourn (live as a resident alien)
vrb-fx51e2i6eit1,14,Verb,הָיָה,"to be, come to pass, come about, happen"
vrb-dnst0gcxylp2,14,Verb,חָיָה,to live
vrb-81njkimcglxf,14,Verb,מוּת,to die
vrb-fqjlfwg20ogu,14,Verb,מָלֵא,to be full
vrb-nhrymmddw2au,14,Verb,נָשָׂא,"to lift up, raise, bear, forgive"
vrb-7tamumkgtr7v,14,Verb,סוּר,to turn aside
vrb-374cop34brez,14,Verb,קוּם,to arise
vrb-9w0ejcyvvuxn,14,Verb,שִׂים,"to place, put, set"
vrb-in8rhsuwq8sd,14,Verb,שָׁבַר,to break
vrb-2zr5zs29xxof,15,Verb,בִּקֵּשׁ,to seek
vrb-xdmwjvlo6yws,15,Verb,בֵּרֵךְ,to bless (Qal in pass. Part)
vrb-42ixeifoq0fg,15,Verb,גָּדַל,"to grow up, become great"
vrb-mtqalycple06,15,Verb,גִּדֵּל,"to bring up, raise, make great"
vrb-659ytyjss368,15,Verb,דִּבֶּר,to speak (may be Qal in participle and infinitive)
vrb-2juod13h14dk,15,Verb,הִלֵּל,"to praise, boast"
vrb-z8zq9on7u6wz,15,Verb,כָּלָה,"to be complete, be finished"
vrb-hz73get8pkhp,15,Verb,כִּלָּה,"to complete, finish"
vrb-1bqio51ln9nr,15,Verb,כִּסָּה,"to cover, conceal (Qal as participle)"
vrb-xpbhihk05av4,15,Verb,מֵאֵן,"to refuse, reject"
vrb-3ehjdu50pces,15,Verb,מִהַר,"to hurry, hasten"
vrb-cfpmak11kqzi,15,Verb,סָפַר,"to count, write"
vrb-wiybtbjerfvk,15,Verb,סִפֵּר,"to recount, relate, tell"
vrb-rvt1dnst0gcx,15,Verb,פָּעַל,"to work, perform, accomplish"
vrb-ylp281njkimc,15,Verb,צִוָּה,"to command, charge, appoint"
vrb-glxffqjlfwg2,15,Verb,קָדַשׁ,"to be holy, consecrated"
vrb-0ogunhrymmdd,15,Verb,קִדֵּשׁ,"to sanctify, consecrate"
vrb-w2au7tamumkg,15,Verb,שֵׁרֵת,"to serve, minister"
vrb-tr7v374cop34,16,Verb,פָּתַח,to open
vrb-brez9w0ejcyv,16,Verb,רָכַב,"to ride, mount"
vrb-vuxnin8rhsuw,16,Verb,דָּרַשׁ,"to inquire, demand"
vrb-q8sd2zr5zs29,16,Verb,הָרַג,to kill
vrb-xxofxdmwjvlo,16,Verb,יָטַב,"to do well, please, suit"
vrb-6yws42ixeifo,16,Verb,הֵיטִיב,"to make good, treat well"
vrb-q0fgmtqalycp,16,Verb,הוֹשִׁיעַ,to save
vrb-le06659ytyjs,16,Verb,הִגִּיד,"to tell, announce, report"
vrb-s3682juod13h,16,Verb,נָחַל,"to inherit, possess"
vrb-14dkz8zq9on7,16,Verb,הִנְחִיל,"to bequeath, assign inheritance"
vrb-u6wzhz73get8,16,Verb,נָטַע,to plant
vrb-pkhp1bqio51l,16,Verb,הִכָּה,"to strike, smite, defeat"
vrb-n9nrxpbhihk0,16,Verb,הִצִּיל,"to rescue, snatch, deliver"
vrb-5av43ehjdu50,16,Verb,צָעַק,to cry out
vrb-pcescfpmak11,16,Verb,רָבָה,"to become great, numerous"
vrb-kqziwiybtbje,16,Verb,רִבָּה,"to increase, bring up"
vrb-rfvkrvt1dnst,16,Verb,הִרְבָּה,"to multiply, increase"
vrb-0gcxylp281nj,16,Verb,שִׁחֵת,"to ruin, destroy"
vrb-kimcglxffqjl,16,Verb,הִשְׁחִית,"to ruin, destroy"
vrb-fwg20ogunhry,16,Verb,שָׁתָה,to drink
vrb-mmddw2au7tam,17,Verb,בָּטַח,to trust
vrb-umkgtr7v374c,17,Verb,הִבְטִיחַ,to make secure
vrb-op34brez9w0e,17,Verb,בָּרַח,to flee
vrb-jcyvvuxnin8r,17,Verb,לָבַשׁ,to clothe
vrb-hsuwq8sd2zr5,17,Verb,לָבֵשׁ,to be clothed
vrb-zs29xxofxdmw,17,Verb,לָמַד,to learn
vrb-jvlo6yws42ix,17,Verb,לִמֵּד,to teach
vrb-eifoq0fgmtqa,17,Verb,מִלֵּט,"to save, let (one) escape"
vrb-lycple06659y,17,Verb,עָנָה,"to answer, reply"
vrb-tyjss3682juo,17,Verb,שָׂנֵא,to hate
vrb-d13h14dkz8zq,17,Verb,שָׁבַר,to break
vrb-9on7u6wzhz73,17,Verb,שָׁכַח,to forget
vrb-get8pkhp1bqi,17,Verb,שָׁכֵחַ,to forget
vrb-o51ln9nrxpbh,17,Verb,רָחַק,to be far
vrb-ihk05av43ehj,18,Verb,בָּלַע,to swallow
vrb-du50pcescfpm,18,Verb,בָּעַר,"to burn, consume"
vrb-ak11kqziwiyb,18,Verb,גָּאַל,to redeem
vrb-tbjerfvkrvt1,18,Verb,זָעַק,to cry out
vrb-qigcom2ry208,18,Verb,יָדָה,to throw
vrb-jkz07nau5sw9,18,Verb,הוֹדָה,"to confess, give thanks"
vrb-f8tqrptiej4m,18,Verb,כָּפַר,to cover
vrb-cnqsm3n9yvn1,18,Verb,כִּפֶּר,"to cover, atone"
vrb-uox5tskat8hr,18,Verb,פָּקַד,"to visit, appoint, inspect"
vrb-eqhj1trn0ydt,18,Verb,קָבַץ,to gather
vrb-aebjlwabipl6,18,Verb,קָבַר,to bury
vrb-gt7lh9v2214u,18,Verb,קִטֵּר,to burn incense
vrb-pufonz13xfpk,18,Verb,הִקְטִיר,to burn incense
vrb-9wycwz9gv4vm,18,Verb,רָדַף,"to pursue, follow"
vrb-4kj2q2svdv3y,18,Verb,שָׂמַח,"to rejoice, be happy"
vrb-b9p4lgdlx7md,18,Verb,שִׂמַּח,to gladden
vrb-k0xhi5jmsl7d,18,Verb,שָׂרַף,to burn
vrb-dcgw05qzzade,18,Verb,שָׁפַךְ,to pour out
vrb-9q1vk89o7bki,19,Verb,חָנַן,"to be gracious, favour"
vrb-6fxxgmuerdu6,19,Verb,יָעַץ,to advise
vrb-o6eanbrfnrow,19,Verb,אָבַד,to perish
vrb-8iopvc8sugly,19,Verb,אִבַּד,to destroy
vrb-3wiffeh7chsb,19,Verb,אָחַז,to seize
vrb-alegbscxwjbq,19,Verb,אָמַן,"to confirm, support"
vrb-jcmthh88rx6p,19,Verb,הֶאֱמִין,"to believe, trust"
vrb-3o5iqigcom2r,19,Verb,אָסַר,to bind
vrb-y208jkz07nau,19,Verb,חָדַל,"to cease, stop"
vrb-5sw9f8tqrpti,19,Verb,חָלַק,"to divide, apportion"
vrb-ej4mcnqsm3n9,19,Verb,חָפֵץ,"to delight, desire"
vrb-yvn1uox5tska,19,Verb,חָשַׁב,"to think, reckon"
vrb-t8hreqhj1trn,19,Verb,יָכֹל,"to be able, prevail"
vrb-0ydtaebjlwab,19,Verb,יָרַשׁ,"to possess, dispossess"
vrb-ipl6gt7lh9v2,19,Verb,נוּס,to flee
vrb-214upufonz13,19,Verb,נָסַע,"to set out, travel, depart"
vrb-xfpk9wycwz9g,19,Verb,קָרַב,"to approach, draw near"
vrb-v4vm4kj2q2sv,19,Verb,רוּץ,to run
vrb-dv3yb9p4lgdl,19,Verb,שָׁאַר,"to remain, be left over"
vrb-x7mdk0xhi5jm,19,Verb,שָׁלֵם,"to be whole, healthy, complete, at peace"
vrb-sl7ddcgw05qz,19,Verb,שִׁלֵּם,"to make whole, make amends, recompense"
vrb-zade9q1vk89o,20,Verb,אָבַד,to perish
vrb-7bki6fxxgmue,20,Verb,בָּקַע,to split
vrb-rdu6o6eanbrf,20,Verb,זָנָה,"to act like a prostitute, be promiscuous"
vrb-nrow8iopvc8s,20,Verb,חָזָה,to see (a vision)
vrb-ugly3wiffeh7,20,Verb,חָשַׂךְ,"to restrain, withhold"
vrb-chsbalegbscx,20,Verb,מָאַס,to reject
vrb-wjbqjcmthh88,20,Verb,נָגַע,"to touch, strike"
vrb-rx6p3o5iqigc,20,Verb,צוּם,to fast
vrb-om2ry208jkz0,21,Verb,חֲלַם,to dream
vrb-7nau5sw9f8tq,21,Verb,אָסַף,"to gather, remove"
vrb-rptiej4mcnqs,21,Verb,טָהֵר,to be clean
vrb-m3n9yvn1uox5,21,Verb,יָהַב,"to give, ascribe"
vrb-tskat8hreqhj,21,Verb,יָצַק,to pour out
vrb-1trn0ydtaebj,21,Verb,כָּבַס,"to wash, clean"
vrb-lwabipl6gt7l,21,Verb,כָּשַׁל,to stumble
vrb-h9v2214upufo,21,Verb,נוּחַ,to rest
vrb-nz13xfpk9wyc,21,Verb,נָצַר,to watch
vrb-wz9gv4vm4kj2,21,Verb,שִׁיר,to sing
vrb-q2svdv3yb9p4,21,Verb,שִׁית,"to put, set"
vrb-lgdlx7mdk0xh,22,Verb,בִּין,"to understand, perceive"
vrb-i5jmsl7ddcgw,22,Verb,בָּעַל,"to rule, lord, marry"
vrb-05qzzade9q1v,22,Verb,צָרַר,"to be hard pressed, be in distress"
vrb-k89o7bki6fxx,22,Verb,רַחֵם,to have compassion
vrb-gmuerdu6o6ea,22,Verb,רִיב,"to dispute, be in law-suit"
vrb-nbrfnrow8iop,22,Verb,זוּר,to be a stranger
vrb-vc8sugly3wif,22,Verb,חָגַר,to gird
vrb-feh7chsbaleg,22,Verb,טָמֵא,to be unclean
vrb-bscxwjbqjcmt,22,Verb,יָסַף,to add
vrb-hh88rx6p3o5i,22,Verb,הוֹסִיף,"to continue, increase"
vrb-yqokwuaz6a8g,22,Verb,יָסַר,"to discipline, chasten"
vrb-rs78fvi2d04h,22,Verb,יָרָה,"to throw, cast"
vrb-ng1yyx1qmrcu,22,Verb,הוֹרָה,"to throw, teach, point"
vrb-kvy0ubvh63v9,22,Verb,קָנָה,"to acquire, buy, create"
vrb-2w5d10si1gpz,23,Verb,הָפַךְ,"to turn, overturn"
vrb-myor91zv86l1,23,Verb,יָבֵשׁ,to be dry
vrb-imjrt3ijqxtd,23,Verb,הוֹכִיחַ,to reprove
vrb-o1ftph3aa9c2,23,Verb,כָּעַס,"to be irritated, angry"
vrb-x2nwv79b5nxs,23,Verb,לִין,to lodge
vrb-h46k47ho2c3t,23,Verb,לוּן,to lodge
vrb-csraya03l3b6,23,Verb,לָכַד,to capture
vrb-jhxctnlt5ful,23,Verb,פָּגַע,"to meet, befall, encounter"
vrb-s85pqdru0tfl,23,Verb,פָּדָה,to ransom
vrb-lko48dy77ilm,23,Verb,פָּרַץ,"to break, breach, increase"
vrb-hy83sghwfjsq,23,Verb,פָּרַשׂ,to spread out
vrb-en55ou2mzl2e,23,Verb,צָלַח,"to succeed, prosper"
vrb-wemivjznvzw4,23,Verb,הִצְלִיחַ,to make prosperous
vrb-gqwx3kg02os6,23,Verb,קָרַע,"to rend, tear"
vrb-b4qnnmpfkp0j,23,Verb,רָפָא,to heal
vrb-itmoi0k54rjx,23,Verb,רָצָה,to be pleased
vrb-rku1ppggz5ex,23,Verb,רָצַח,"to murder, slay"
vrb-bwdqyqokwuaz,23,Verb,שָׂחַק,to laugh
vrb-6a8grs78fvi2,23,Verb,צָחַק,to laugh
vrb-d04hng1yyx1q,23,Verb,שִׂחֵק,"to play, make fun of"
vrb-mrcukvy0ubvh,23,Verb,צִחֵק,"to play, make fun of"
vrb-63v92w5d10si,23,Verb,הִשְׁכִּים,"to do something early, arise early"
vrb-1gpzmyor91zv,23,Verb,תָּפַשׂ,"to catch, seize"
vrb-86l1imjrt3ij,24,Verb,גָּאָה,"to be proud, arrogant"
vrb-qxtdo1ftph3a,24,Verb,קָהַל,to assemble
vrb-a9c2x2nwv79b,24,Verb,חָרָה,to be(come) angry
vrb-5nxsh46k47ho,24,Verb,נָגַשׁ,"to draw near, approach"
vrb-2c3tcsraya03,24,Verb,נָשַׁק,to kiss
vrb-l3b6jhxctnlt,24,Verb,הֵעִיד,"to bear witness, testify"
vrb-5fuls85pqdru,24,Verb,קִנֵּא,"to be jealous, zealous"
vrb-0tfllko48dy7,25,Verb,רוּם,to be high
vrb-7ilmhy83sghw,25,Verb,הָגָה,"to mumble, meditate"
vrb-fjsqen55ou2m,25,Verb,נִחַם,"to regret (niphal), to comfort (piel)"
vrb-zl2ewemivjzn,25,Verb,סָלַח,to forgive
vrb-vzw4gqwx3kg0,25,Verb,עָרַךְ,"to arrange, lay out"
vrb-2os6b4qnnmpf,26,Verb,הֶחֱרִים,"to devote to the ban, utterly destroy"
vrb-kp0jitmoi0k5,26,Verb,יָנַק,to suckle
vrb-4rjxrku1ppgg,26,Verb,יָתַר,to remain
vrb-z5exbwdqyqok,26,Verb,נוֹתַר,to be left
vrb-wuaz6a8grs78,26,Verb,נָכוֹן,"to be prepared, established, firm"
vrb-fvi2d04hng1y,26,Verb,הֵכִין,"to prepare, install, establish"
vrb-yx1qmrcukvy0,26,Verb,לָחַם,to do battle
vrb-ubvh63v92w5d,26,Verb,נִלְחַם,to fight
vrb-10si1gpzmyor,26,Verb,נִבָּא,to prophesy
vrb-91zv86l1imjr,26,Verb,נִדַּח,"to be scattered, go astray"
vrb-t3ijqxtdo1ft,26,Verb,הִדִּיחַ,"to scatter, disperse"
vrb-ph3aa9c2x2nw,26,Verb,נִסְתַּר,"to hide oneself, be hidden"
vrb-v79b5nxsh46k,26,Verb,הִסְתִּיר,to hide
vrb-47ho2c3tcsra,26,Verb,פּוּץ,"to be dispersed, scattered"
vrb-ya03l3b6jhxc,26,Verb,נִפְלָא,"to be marvellous, extraordinary"
vrb-tnlt5fuls85p,26,Verb,קָרָה,"to encounter, meet"
vrb-qdru0tfllko4,26,Verb,נִשְׁמַד,to be exterminated
vrb-8dy77ilmhy83,26,Verb,הִשְׁמִיד,to exterminate
vrb-sghwfjsqen55,27,Verb,קָצַר,to harvest
vrb-ou2mzl2ewemi,27,Verb,נִחָל,to be profaned
vrb-vjznvzw4gqwx,27,Verb,חִלֵּל,to profane
vrb-3kg02os6b4qn,27,Verb,הֵחֵל,to begin
vrb-nmpfkp0jitmo,27,Verb,חָסָה,to seek refuge
vrb-i0k54rjxrku1,27,Verb,הִתְיַצֵּב,"to position oneself, stand"
vrb-ppggz5exbwdq,27,Verb,נִכְחַד,"to be hidden, effaced"
vrb-vhxasaidqeuj,27,Verb,כִּחֵד,to hide
vrb-qus0cmrszfbw,27,Verb,הִכְחִיד,to hide
vrb-xko170mijhlb,27,Verb,נִכַּר,to be recognised
vrb-fkweepikevf1,27,Verb,הִכִּיר,"to recognise, acknowledge"
vrb-znftmgqxllcc,27,Verb,נִצַּב,to stand
vrb-v19t6s9ltljf,27,Verb,קָלַל,"to be slight, swift"
vrb-sq6u263bno23,27,Verb,קִלֵּל,to curse
vrb-aqdy8vzdibxu,27,Verb,שָׂבַע,"to be satisfied, satiated"
vrb-utwmhm7qgrtv,27,Verb,נִשׁבַּע,to swear
vrb-p7rc1yq4yr18,28,Verb,אָרַר,to curse
vrb-wwnewclviukn,28,Verb,בָּלַל,"to mix, confound"
vrb-5xvr31hwdhen,28,Verb,דָּמַם,to be silent
vrb-pzeflsp9kxbo,28,Verb,חָתַת,"to be shattered, be dismayed"
vrb-kdz5548xsxir,28,Verb,מָדַד,to measure
vrb-r2571itnc02g,28,Verb,סָבַב,"to surround, go around, turn"
vrb-03cjy7yp8nm6,28,Verb,פָּלַט,to escape
vrb-t5vygy62fds7,28,Verb,פִּלֵּט,to bring to safety
vrb-ojgo0aphn40k,28,Verb,הִפְלִיט,to bring to safety
vrb-m8mqwoaghgjz,28,Verb,הִפְרִיר,"to break, frustrate"
vrb-49u32dgict4z,28,Verb,רָנַן,"to jubilate, shout for joy"
vrb-obdrbeol9j00,28,Verb,רָעַע,"to be bad, evil"
vrb-jpyhvhxasaid,28,Verb,הִרְעִיע,"to act wickedly, do mischief"
vrb-qeujqus0cmrs,28,Verb,שָׁדַד,"to destroy, devastate"
vrb-zfbwxko170mi,28,Verb,שָׁמַם,"to be desolate, be appalled"
vrb-jhlbfkweepik,28,Verb,הִשְׁקָה,"give drink, irrigate"
vrb-evf1znftmgqx,28,Verb,תָּמַם,"to be complete, be whole, be finished"
vrb-llccv19t6s9l,29,Verb,גָּלַל,to roll
vrb-tljfsq6u263b,29,Verb,שָׂכַר,to hire
vrb-no23aqdy8vzd,29,Verb,גָּרַשׁ,to drive out
vrb-ibxuutwmhm7q,29,Verb,חָבַשׁ,"to bind, gird"
vrb-grtvp7rc1yq4,29,Verb,הִבִּיט,"to gaze, look"
vrb-yr18wwnewclv,29,Verb,נָקָה,"to be free, innocent"
vrb-iukn5xvr31hw,29,Verb,הִתְפַּלֵּל,to pray
vrb-dhenpzeflsp9,29,Verb,רָחַץ,to wash
vrb-kxbokdz5548x,29,Verb,שִׁוַּע,to cry out for help
vrb-sxirr2571itn,30,Verb,זִמֵּר,to make melody
vrb-c02g03cjy7yp,30,Verb,עוּף,to fly
vrb-8nm6t5vygy62,30,Verb,אוֹר,to become bright
vrb-fds7ojgo0aph,30,Verb,הֵאִיר,"to illumine, shine"
vrb-n40km8mqwoag,30,Verb,בָּחַן,"to test, try"
vrb-hgjz49u32dgi,30,Verb,בִּשֵּׂר,"to make known, bring news"
vrb-ct4zobdrbeol,30,Verb,גִּיל,"to be joyful, rejoice"
vrb-9j00jpyhvhxa,30,Verb,כָּרַע,to bend the knee
vrb-saidqeujqus0,30,Verb,נוּע,"to shake, tremble"
vrb-cmrszfbwxko1,30,Verb,נִסָּה,to test
vrb-70mijhlbfkwe,30,Verb,הֵרִיעַ,to shout
vrb-epikevf1znft,30,Verb,תָּעָה,"to wander about, be confused"